[{"line":1,"elements":[{"start_timestamp":"2024-06-22T15:54:34.598Z","before":[{"result":{"duration":6805907800,"status":"passed"},"match":{"location":"StepDefinitions.Hooks.setup()"}}],"line":3,"name":"To Validate the Amazon Appliation","description":"","id":"amazon-user-login;to-validate-the-amazon-appliation","after":[{"result":{"duration":364568900,"status":"passed"},"match":{"location":"StepDefinitions.Hooks.tearDown(io.cucumber.java.Scenario)"}},{"result":{"error_message":"org.openqa.selenium.NoSuchSessionException: Session ID is null. Using WebDriver after calling quit()?\nBuild info: version: '4.13.0', revision: 'ba948ece5b*'\nSystem info: os.name: 'Windows 11', os.arch: 'amd64', os.version: '10.0', java.version: '22'\nDriver info: org.openqa.selenium.chrome.ChromeDriver\nCommand: [null, screenshot {}]\nCapabilities {acceptInsecureCerts: false, browserName: chrome, browserVersion: 126.0.6478.63, chrome: {chromedriverVersion: 126.0.6478.63 (df799988fdc9..., userDataDir: C:\\Users\\premj\\AppData\\Loca...}, fedcm:accounts: true, goog:chromeOptions: {debuggerAddress: localhost:62489}, networkConnectionEnabled: false, pageLoadStrategy: normal, platformName: windows, proxy: Proxy(), se:cdp: ws://localhost:62489/devtoo..., se:cdpVersion: 126.0.6478.63, setWindowRect: true, strictFileInteractability: false, timeouts: {implicit: 0, pageLoad: 300000, script: 30000}, unhandledPromptBehavior: dismiss and notify, webauthn:extension:credBlob: true, webauthn:extension:largeBlob: true, webauthn:extension:minPinLength: true, webauthn:extension:prf: true, webauthn:virtualAuthenticators: true}\r\n\tat org.openqa.selenium.remote.HttpCommandExecutor.execute(HttpCommandExecutor.java:152)\r\n\tat org.openqa.selenium.remote.service.DriverCommandExecutor.invokeExecute(DriverCommandExecutor.java:196)\r\n\tat org.openqa.selenium.remote.service.DriverCommandExecutor.execute(DriverCommandExecutor.java:171)\r\n\tat org.openqa.selenium.remote.RemoteWebDriver.execute(RemoteWebDriver.java:602)\r\n\tat org.openqa.selenium.remote.RemoteWebDriver.execute(RemoteWebDriver.java:675)\r\n\tat org.openqa.selenium.remote.RemoteWebDriver.execute(RemoteWebDriver.java:679)\r\n\tat org.openqa.selenium.remote.RemoteWebDriver.getScreenshotAs(RemoteWebDriver.java:325)\r\n\tat StepDefinitions.Hooks.addScreenshot(Hooks.java:48)\r\n","duration":16575400,"status":"failed"},"match":{"location":"StepDefinitions.Hooks.addScreenshot(io.cucumber.java.Scenario)"}}],"type":"scenario","keyword":"Scenario","steps":[{"result":{"error_message":"java.lang.NullPointerException: Cannot invoke \"org.openqa.selenium.WebDriver.findElement(org.openqa.selenium.By)\" because \"StepDefinitions.amazonloginstep.driver\" is null\r\n\tat StepDefinitions.amazonloginstep.launch_the_amazon_webpage(amazonloginstep.java:19)\r\n\tat ✽.Launch the Amazon Webpage(file:///C:/Users/premj/eclipse-workspace/AmazonProject/./Featurefile./amazon.feature:4)\r\n","duration":8546000,"status":"failed"},"line":4,"name":"Launch the Amazon Webpage","match":{"location":"StepDefinitions.amazonloginstep.launch_the_amazon_webpage()"},"keyword":"Given "},{"result":{"duration":1001700,"status":"skipped"},"line":5,"name":"the user enters the username","match":{"location":"StepDefinitions.amazonloginstep.the_user_enters_the_username()"},"keyword":"When "},{"result":{"status":"skipped"},"line":6,"name":"the user enters the password","match":{"location":"StepDefinitions.amazonloginstep.the_user_enters_the_password()"},"keyword":"And "},{"result":{"status":"skipped"},"line":7,"name":"the user click sigin button","match":{"location":"StepDefinitions.amazonloginstep.the_user_click_sigin_button()"},"keyword":"And "},{"result":{"duration":997600,"status":"skipped"},"line":8,"name":"it should navigate to the home page","match":{},"keyword":"Then "}]}],"name":"Amazon User Login","description":"","id":"amazon-user-login","keyword":"Feature","uri":"file:Featurefile./amazon.feature","tags":[]}]