[{"line":1,"elements":[{"line":3,"name":"Launch the Studentpurchase Webpage","description":"","type":"background","keyword":"Background","steps":[]},{"start_timestamp":"2024-07-23T05:30:09.442Z","before":[{"result":{"duration":7731093200,"status":"passed"},"match":{"location":"StepDefinition.Hooks.Launch_Browser()"}}],"line":5,"name":"To Validate the Institute EmailId login Functionality","description":"","id":"student-purchase-login-functionality;to-validate-the-institute-emailid-login-functionality","type":"scenario","keyword":"Scenario","steps":[{"result":{"duration":145885800,"status":"passed"},"line":7,"name":"the user to check institute emailid shows as a default","match":{"location":"StepDefinition.Step.theUserToCheckInstituteEmailidShowsAsADefault()"},"keyword":"When "},{"result":{"duration":120426900,"status":"passed"},"line":8,"name":"the user enters the institute emailid","match":{"location":"StepDefinition.Step.theUserEntersTheInstituteEmailid()"},"keyword":"And "},{"result":{"duration":128432600,"status":"passed"},"line":9,"name":"the user clicks sendloginlink button","match":{"location":"StepDefinition.Step.theUserClicksSendloginlinkButton()"},"keyword":"And "},{"result":{"duration":242162300,"status":"passed"},"line":10,"name":"the user should validate the Message","match":{"location":"StepDefinition.Step.theUserShouldValidateTheMessage()"},"keyword":"Then "}]},{"line":3,"name":"Launch the Studentpurchase Webpage","description":"","type":"background","keyword":"Background","steps":[]},{"start_timestamp":"2024-07-23T05:30:17.853Z","before":[{"result":{"duration":4379607300,"status":"passed"},"match":{"location":"StepDefinition.Hooks.Launch_Browser()"}}],"line":12,"name":"To Validating the Mobile Number login Functionality","description":"","id":"student-purchase-login-functionality;to-validating-the-mobile-number-login-functionality","type":"scenario","keyword":"Scenario","steps":[{"result":{"duration":151520200,"status":"passed"},"line":13,"name":"the user clicks mobile number option","match":{"location":"StepDefinition.Step.theUserClicksMobileNumberOption()"},"keyword":"When "},{"result":{"duration":173548400,"status":"passed"},"line":14,"name":"the user enters valid mobile number","match":{"location":"StepDefinition.Step.theUserEntersValidMobileNumber()"},"keyword":"And "},{"result":{"duration":90520200,"status":"passed"},"line":15,"name":"the user clicks SendOTP mobile button","match":{"location":"StepDefinition.Step.theUserClicksSendOTPMobileButton()"},"keyword":"And "},{"result":{"duration":997877300,"status":"passed"},"line":16,"name":"the user should validate mobile OTP to Received","match":{"location":"StepDefinition.Step.theUserShouldValidateMobileOTPToReceived()"},"keyword":"Then "}]},{"line":3,"name":"Launch the Studentpurchase Webpage","description":"","type":"background","keyword":"Background","steps":[]},{"start_timestamp":"2024-07-23T05:30:23.676Z","before":[{"result":{"duration":8936148600,"status":"passed"},"match":{"location":"StepDefinition.Hooks.Launch_Browser()"}}],"line":18,"name":"To Validate the Personal EmailId login Functionality","description":"","id":"student-purchase-login-functionality;to-validate-the-personal-emailid-login-functionality","type":"scenario","keyword":"Scenario","steps":[{"result":{"duration":183480800,"status":"passed"},"line":19,"name":"the user clicks personal emailid option","match":{"location":"StepDefinition.Step.theUserClicksPersonalEmailidOption()"},"keyword":"When "},{"result":{"duration":228005000,"status":"passed"},"line":20,"name":"the user enters valid personal emailid","match":{"location":"StepDefinition.Step.theUserEntersValidPersonalEmailid()"},"keyword":"And "},{"result":{"duration":114870700,"status":"passed"},"line":21,"name":"the user clicks sendOTP email button","match":{"location":"StepDefinition.Step.theUserClicksSendOTPEmailButton()"},"keyword":"And "},{"result":{"duration":1170045100,"status":"passed"},"line":22,"name":"the user should validate the OTP Received in email address","match":{"location":"StepDefinition.Step.theUserShouldValidateTheOTPReceivedInEmailAddress()"},"keyword":"Then "}]}],"name":"Student purchase Login Functionality","description":"","id":"student-purchase-login-functionality","keyword":"Feature","uri":"file:Featurefile./StudentLogin.feature","tags":[]}]